{
    "Version": "1.2",
    "Data": {
        "Source": "c:\\projects\\vulk\\vulktest\\deps\\include\\vulkan\\vulkan.cppm",
        "ProvidedModule": "vulkan_hpp",
        "Includes": [
            "c:\\projects\\vulk\\vulktest\\deps\\include\\vulkan\\vulkan_hpp_macros.hpp",
            "c:\\program files\\microsoft visual studio\\2022\\community\\vc\\tools\\msvc\\14.42.34433\\include\\version",
            "c:\\program files\\microsoft visual studio\\2022\\community\\vc\\tools\\msvc\\14.42.34433\\include\\yvals_core.h",
            "c:\\program files\\microsoft visual studio\\2022\\community\\vc\\tools\\msvc\\14.42.34433\\include\\vcruntime.h",
            "c:\\program files\\microsoft visual studio\\2022\\community\\vc\\tools\\msvc\\14.42.34433\\include\\sal.h",
            "c:\\program files\\microsoft visual studio\\2022\\community\\vc\\tools\\msvc\\14.42.34433\\include\\concurrencysal.h",
            "c:\\program files\\microsoft visual studio\\2022\\community\\vc\\tools\\msvc\\14.42.34433\\include\\vadefs.h",
            "c:\\program files\\microsoft visual studio\\2022\\community\\vc\\tools\\msvc\\14.42.34433\\include\\xkeycheck.h",
            "c:\\projects\\vulk\\vulktest\\deps\\include\\vulkan\\vulkan.hpp",
            "c:\\program files\\microsoft visual studio\\2022\\community\\vc\\tools\\msvc\\14.42.34433\\include\\algorithm",
            "c:\\program files\\microsoft visual studio\\2022\\community\\vc\\tools\\msvc\\14.42.34433\\include\\__msvc_heap_algorithms.hpp",
            "c:\\program files\\microsoft visual studio\\2022\\community\\vc\\tools\\msvc\\14.42.34433\\include\\xutility",
            "c:\\program files\\microsoft visual studio\\2022\\community\\vc\\tools\\msvc\\14.42.34433\\include\\yvals.h",
            "c:\\program files (x86)\\windows kits\\10\\include\\10.0.22621.0\\ucrt\\crtdbg.h",
            "c:\\program files (x86)\\windows kits\\10\\include\\10.0.22621.0\\ucrt\\corecrt.h",
            "c:\\program files\\microsoft visual studio\\2022\\community\\vc\\tools\\msvc\\14.42.34433\\include\\vcruntime_new_debug.h",
            "c:\\program files\\microsoft visual studio\\2022\\community\\vc\\tools\\msvc\\14.42.34433\\include\\vcruntime_new.h",
            "c:\\program files\\microsoft visual studio\\2022\\community\\vc\\tools\\msvc\\14.42.34433\\include\\crtdefs.h",
            "c:\\program files\\microsoft visual studio\\2022\\community\\vc\\tools\\msvc\\14.42.34433\\include\\use_ansi.h",
            "c:\\program files\\microsoft visual studio\\2022\\community\\vc\\tools\\msvc\\14.42.34433\\include\\__msvc_iter_core.hpp",
            "c:\\program files\\microsoft visual studio\\2022\\community\\vc\\tools\\msvc\\14.42.34433\\include\\utility",
            "c:\\program files\\microsoft visual studio\\2022\\community\\vc\\tools\\msvc\\14.42.34433\\include\\initializer_list",
            "c:\\program files\\microsoft visual studio\\2022\\community\\vc\\tools\\msvc\\14.42.34433\\include\\cstddef",
            "c:\\program files (x86)\\windows kits\\10\\include\\10.0.22621.0\\ucrt\\stddef.h",
            "c:\\program files\\microsoft visual studio\\2022\\community\\vc\\tools\\msvc\\14.42.34433\\include\\xtr1common",
            "c:\\program files\\microsoft visual studio\\2022\\community\\vc\\tools\\msvc\\14.42.34433\\include\\type_traits",
            "c:\\program files\\microsoft visual studio\\2022\\community\\vc\\tools\\msvc\\14.42.34433\\include\\cstdint",
            "c:\\program files\\microsoft visual studio\\2022\\community\\vc\\tools\\msvc\\14.42.34433\\include\\stdint.h",
            "c:\\program files\\microsoft visual studio\\2022\\community\\vc\\tools\\msvc\\14.42.34433\\include\\compare",
            "c:\\program files\\microsoft visual studio\\2022\\community\\vc\\tools\\msvc\\14.42.34433\\include\\concepts",
            "c:\\program files\\microsoft visual studio\\2022\\community\\vc\\tools\\msvc\\14.42.34433\\include\\climits",
            "c:\\program files\\microsoft visual studio\\2022\\community\\vc\\tools\\msvc\\14.42.34433\\include\\limits.h",
            "c:\\program files\\microsoft visual studio\\2022\\community\\vc\\tools\\msvc\\14.42.34433\\include\\cstdlib",
            "c:\\program files (x86)\\windows kits\\10\\include\\10.0.22621.0\\ucrt\\math.h",
            "c:\\program files (x86)\\windows kits\\10\\include\\10.0.22621.0\\ucrt\\corecrt_math.h",
            "c:\\program files (x86)\\windows kits\\10\\include\\10.0.22621.0\\ucrt\\stdlib.h",
            "c:\\program files (x86)\\windows kits\\10\\include\\10.0.22621.0\\ucrt\\corecrt_malloc.h",
            "c:\\program files (x86)\\windows kits\\10\\include\\10.0.22621.0\\ucrt\\corecrt_search.h",
            "c:\\program files (x86)\\windows kits\\10\\include\\10.0.22621.0\\ucrt\\corecrt_wstdlib.h",
            "c:\\program files\\microsoft visual studio\\2022\\community\\vc\\tools\\msvc\\14.42.34433\\include\\cstring",
            "c:\\program files (x86)\\windows kits\\10\\include\\10.0.22621.0\\ucrt\\string.h",
            "c:\\program files (x86)\\windows kits\\10\\include\\10.0.22621.0\\ucrt\\corecrt_memory.h",
            "c:\\program files (x86)\\windows kits\\10\\include\\10.0.22621.0\\ucrt\\corecrt_memcpy_s.h",
            "c:\\program files (x86)\\windows kits\\10\\include\\10.0.22621.0\\ucrt\\errno.h",
            "c:\\program files\\microsoft visual studio\\2022\\community\\vc\\tools\\msvc\\14.42.34433\\include\\vcruntime_string.h",
            "c:\\program files (x86)\\windows kits\\10\\include\\10.0.22621.0\\ucrt\\corecrt_wstring.h",
            "c:\\program files\\microsoft visual studio\\2022\\community\\vc\\tools\\msvc\\14.42.34433\\include\\cwchar",
            "c:\\program files\\microsoft visual studio\\2022\\community\\vc\\tools\\msvc\\14.42.34433\\include\\cstdio",
            "c:\\program files (x86)\\windows kits\\10\\include\\10.0.22621.0\\ucrt\\stdio.h",
            "c:\\program files (x86)\\windows kits\\10\\include\\10.0.22621.0\\ucrt\\corecrt_wstdio.h",
            "c:\\program files (x86)\\windows kits\\10\\include\\10.0.22621.0\\ucrt\\corecrt_stdio_config.h",
            "c:\\program files (x86)\\windows kits\\10\\include\\10.0.22621.0\\ucrt\\wchar.h",
            "c:\\program files (x86)\\windows kits\\10\\include\\10.0.22621.0\\ucrt\\corecrt_wconio.h",
            "c:\\program files (x86)\\windows kits\\10\\include\\10.0.22621.0\\ucrt\\corecrt_wctype.h",
            "c:\\program files (x86)\\windows kits\\10\\include\\10.0.22621.0\\ucrt\\corecrt_wdirect.h",
            "c:\\program files (x86)\\windows kits\\10\\include\\10.0.22621.0\\ucrt\\corecrt_wio.h",
            "c:\\program files (x86)\\windows kits\\10\\include\\10.0.22621.0\\ucrt\\corecrt_share.h",
            "c:\\program files (x86)\\windows kits\\10\\include\\10.0.22621.0\\ucrt\\corecrt_wprocess.h",
            "c:\\program files (x86)\\windows kits\\10\\include\\10.0.22621.0\\ucrt\\corecrt_wtime.h",
            "c:\\program files (x86)\\windows kits\\10\\include\\10.0.22621.0\\ucrt\\sys\\stat.h",
            "c:\\program files (x86)\\windows kits\\10\\include\\10.0.22621.0\\ucrt\\sys\\types.h",
            "c:\\program files\\microsoft visual studio\\2022\\community\\vc\\tools\\msvc\\14.42.34433\\include\\__msvc_minmax.hpp",
            "c:\\program files\\microsoft visual studio\\2022\\community\\vc\\tools\\msvc\\14.42.34433\\include\\xmemory",
            "c:\\program files\\microsoft visual studio\\2022\\community\\vc\\tools\\msvc\\14.42.34433\\include\\limits",
            "c:\\program files\\microsoft visual studio\\2022\\community\\vc\\tools\\msvc\\14.42.34433\\include\\cfloat",
            "c:\\program files (x86)\\windows kits\\10\\include\\10.0.22621.0\\ucrt\\float.h",
            "c:\\program files\\microsoft visual studio\\2022\\community\\vc\\tools\\msvc\\14.42.34433\\include\\intrin0.h",
            "c:\\program files\\microsoft visual studio\\2022\\community\\vc\\tools\\msvc\\14.42.34433\\include\\intrin0.inl.h",
            "c:\\program files\\microsoft visual studio\\2022\\community\\vc\\tools\\msvc\\14.42.34433\\include\\new",
            "c:\\program files\\microsoft visual studio\\2022\\community\\vc\\tools\\msvc\\14.42.34433\\include\\exception",
            "c:\\program files (x86)\\windows kits\\10\\include\\10.0.22621.0\\ucrt\\malloc.h",
            "c:\\program files\\microsoft visual studio\\2022\\community\\vc\\tools\\msvc\\14.42.34433\\include\\vcruntime_exception.h",
            "c:\\program files\\microsoft visual studio\\2022\\community\\vc\\tools\\msvc\\14.42.34433\\include\\eh.h",
            "c:\\program files (x86)\\windows kits\\10\\include\\10.0.22621.0\\ucrt\\corecrt_terminate.h",
            "c:\\program files\\microsoft visual studio\\2022\\community\\vc\\tools\\msvc\\14.42.34433\\include\\xatomic.h",
            "c:\\program files\\microsoft visual studio\\2022\\community\\vc\\tools\\msvc\\14.42.34433\\include\\tuple",
            "c:\\program files\\microsoft visual studio\\2022\\community\\vc\\tools\\msvc\\14.42.34433\\include\\array",
            "c:\\program files\\microsoft visual studio\\2022\\community\\vc\\tools\\msvc\\14.42.34433\\include\\string",
            "c:\\program files\\microsoft visual studio\\2022\\community\\vc\\tools\\msvc\\14.42.34433\\include\\xstring",
            "c:\\program files\\microsoft visual studio\\2022\\community\\vc\\tools\\msvc\\14.42.34433\\include\\__msvc_sanitizer_annotate_container.hpp",
            "c:\\program files\\microsoft visual studio\\2022\\community\\vc\\tools\\msvc\\14.42.34433\\include\\__msvc_string_view.hpp",
            "c:\\program files\\microsoft visual studio\\2022\\community\\vc\\tools\\msvc\\14.42.34433\\include\\iosfwd",
            "c:\\program files\\microsoft visual studio\\2022\\community\\vc\\tools\\msvc\\14.42.34433\\include\\xpolymorphic_allocator.h",
            "c:\\program files\\microsoft visual studio\\2022\\community\\vc\\tools\\msvc\\14.42.34433\\include\\cctype",
            "c:\\program files (x86)\\windows kits\\10\\include\\10.0.22621.0\\ucrt\\ctype.h",
            "c:\\projects\\vulk\\vulktest\\deps\\include\\vulkan\\vulkan.h",
            "c:\\projects\\vulk\\vulktest\\deps\\include\\vulkan\\vk_platform.h",
            "c:\\projects\\vulk\\vulktest\\deps\\include\\vulkan\\vulkan_core.h",
            "c:\\projects\\vulk\\vulktest\\deps\\include\\vk_video\\vulkan_video_codec_h264std.h",
            "c:\\projects\\vulk\\vulktest\\deps\\include\\vk_video\\vulkan_video_codecs_common.h",
            "c:\\projects\\vulk\\vulktest\\deps\\include\\vk_video\\vulkan_video_codec_h264std_encode.h",
            "c:\\projects\\vulk\\vulktest\\deps\\include\\vk_video\\vulkan_video_codec_h265std.h",
            "c:\\projects\\vulk\\vulktest\\deps\\include\\vk_video\\vulkan_video_codec_h265std_encode.h",
            "c:\\projects\\vulk\\vulktest\\deps\\include\\vk_video\\vulkan_video_codec_h264std_decode.h",
            "c:\\projects\\vulk\\vulktest\\deps\\include\\vk_video\\vulkan_video_codec_h265std_decode.h",
            "c:\\projects\\vulk\\vulktest\\deps\\include\\vk_video\\vulkan_video_codec_av1std.h",
            "c:\\projects\\vulk\\vulktest\\deps\\include\\vk_video\\vulkan_video_codec_av1std_decode.h",
            "c:\\program files\\microsoft visual studio\\2022\\community\\vc\\tools\\msvc\\14.42.34433\\include\\string_view",
            "c:\\program files\\microsoft visual studio\\2022\\community\\vc\\tools\\msvc\\14.42.34433\\include\\vector",
            "c:\\program files\\microsoft visual studio\\2022\\community\\vc\\tools\\msvc\\14.42.34433\\include\\__msvc_bit_utils.hpp",
            "c:\\program files\\microsoft visual studio\\2022\\community\\vc\\tools\\msvc\\14.42.34433\\include\\system_error",
            "c:\\program files\\microsoft visual studio\\2022\\community\\vc\\tools\\msvc\\14.42.34433\\include\\__msvc_system_error_abi.hpp",
            "c:\\program files\\microsoft visual studio\\2022\\community\\vc\\tools\\msvc\\14.42.34433\\include\\cerrno",
            "c:\\program files\\microsoft visual studio\\2022\\community\\vc\\tools\\msvc\\14.42.34433\\include\\stdexcept",
            "c:\\program files\\microsoft visual studio\\2022\\community\\vc\\tools\\msvc\\14.42.34433\\include\\xcall_once.h",
            "c:\\program files\\microsoft visual studio\\2022\\community\\vc\\tools\\msvc\\14.42.34433\\include\\xerrc.h",
            "c:\\program files\\microsoft visual studio\\2022\\community\\vc\\tools\\msvc\\14.42.34433\\include\\atomic",
            "c:\\program files\\microsoft visual studio\\2022\\community\\vc\\tools\\msvc\\14.42.34433\\include\\xatomic_wait.h",
            "c:\\program files\\microsoft visual studio\\2022\\community\\vc\\tools\\msvc\\14.42.34433\\include\\xthreads.h",
            "c:\\program files\\microsoft visual studio\\2022\\community\\vc\\tools\\msvc\\14.42.34433\\include\\__msvc_threads_core.hpp",
            "c:\\program files\\microsoft visual studio\\2022\\community\\vc\\tools\\msvc\\14.42.34433\\include\\xtimec.h",
            "c:\\program files\\microsoft visual studio\\2022\\community\\vc\\tools\\msvc\\14.42.34433\\include\\ctime",
            "c:\\program files (x86)\\windows kits\\10\\include\\10.0.22621.0\\ucrt\\time.h",
            "c:\\program files\\microsoft visual studio\\2022\\community\\vc\\tools\\msvc\\14.42.34433\\include\\cassert",
            "c:\\program files (x86)\\windows kits\\10\\include\\10.0.22621.0\\ucrt\\assert.h",
            "c:\\program files\\microsoft visual studio\\2022\\community\\vc\\tools\\msvc\\14.42.34433\\include\\span",
            "c:\\projects\\vulk\\vulktest\\deps\\include\\vulkan\\vulkan_enums.hpp",
            "c:\\projects\\vulk\\vulktest\\deps\\include\\vulkan\\vulkan_to_string.hpp",
            "c:\\program files\\microsoft visual studio\\2022\\community\\vc\\tools\\msvc\\14.42.34433\\include\\format",
            "c:\\program files\\microsoft visual studio\\2022\\community\\vc\\tools\\msvc\\14.42.34433\\include\\__msvc_format_ucd_tables.hpp",
            "c:\\program files\\microsoft visual studio\\2022\\community\\vc\\tools\\msvc\\14.42.34433\\include\\__msvc_formatter.hpp",
            "c:\\program files\\microsoft visual studio\\2022\\community\\vc\\tools\\msvc\\14.42.34433\\include\\__msvc_print.hpp",
            "c:\\program files\\microsoft visual studio\\2022\\community\\vc\\tools\\msvc\\14.42.34433\\include\\xfilesystem_abi.h",
            "c:\\program files\\microsoft visual studio\\2022\\community\\vc\\tools\\msvc\\14.42.34433\\include\\bit",
            "c:\\program files\\microsoft visual studio\\2022\\community\\vc\\tools\\msvc\\14.42.34433\\include\\charconv",
            "c:\\program files\\microsoft visual studio\\2022\\community\\vc\\tools\\msvc\\14.42.34433\\include\\xbit_ops.h",
            "c:\\program files\\microsoft visual studio\\2022\\community\\vc\\tools\\msvc\\14.42.34433\\include\\xcharconv.h",
            "c:\\program files\\microsoft visual studio\\2022\\community\\vc\\tools\\msvc\\14.42.34433\\include\\xcharconv_ryu.h",
            "c:\\program files\\microsoft visual studio\\2022\\community\\vc\\tools\\msvc\\14.42.34433\\include\\xcharconv_ryu_tables.h",
            "c:\\program files\\microsoft visual studio\\2022\\community\\vc\\tools\\msvc\\14.42.34433\\include\\xcharconv_tables.h",
            "c:\\program files\\microsoft visual studio\\2022\\community\\vc\\tools\\msvc\\14.42.34433\\include\\iterator",
            "c:\\program files\\microsoft visual studio\\2022\\community\\vc\\tools\\msvc\\14.42.34433\\include\\locale",
            "c:\\program files\\microsoft visual studio\\2022\\community\\vc\\tools\\msvc\\14.42.34433\\include\\xlocbuf",
            "c:\\program files\\microsoft visual studio\\2022\\community\\vc\\tools\\msvc\\14.42.34433\\include\\streambuf",
            "c:\\program files\\microsoft visual studio\\2022\\community\\vc\\tools\\msvc\\14.42.34433\\include\\xiosbase",
            "c:\\program files (x86)\\windows kits\\10\\include\\10.0.22621.0\\ucrt\\share.h",
            "c:\\program files\\microsoft visual studio\\2022\\community\\vc\\tools\\msvc\\14.42.34433\\include\\xlocale",
            "c:\\program files\\microsoft visual studio\\2022\\community\\vc\\tools\\msvc\\14.42.34433\\include\\memory",
            "c:\\program files\\microsoft visual studio\\2022\\community\\vc\\tools\\msvc\\14.42.34433\\include\\typeinfo",
            "c:\\program files\\microsoft visual studio\\2022\\community\\vc\\tools\\msvc\\14.42.34433\\include\\vcruntime_typeinfo.h",
            "c:\\program files\\microsoft visual studio\\2022\\community\\vc\\tools\\msvc\\14.42.34433\\include\\xfacet",
            "c:\\program files\\microsoft visual studio\\2022\\community\\vc\\tools\\msvc\\14.42.34433\\include\\xlocinfo",
            "c:\\program files\\microsoft visual studio\\2022\\community\\vc\\tools\\msvc\\14.42.34433\\include\\__msvc_xlocinfo_types.hpp",
            "c:\\program files\\microsoft visual studio\\2022\\community\\vc\\tools\\msvc\\14.42.34433\\include\\clocale",
            "c:\\program files (x86)\\windows kits\\10\\include\\10.0.22621.0\\ucrt\\locale.h",
            "c:\\program files\\microsoft visual studio\\2022\\community\\vc\\tools\\msvc\\14.42.34433\\include\\xlocmes",
            "c:\\program files\\microsoft visual studio\\2022\\community\\vc\\tools\\msvc\\14.42.34433\\include\\xlocmon",
            "c:\\program files\\microsoft visual studio\\2022\\community\\vc\\tools\\msvc\\14.42.34433\\include\\xlocnum",
            "c:\\program files\\microsoft visual studio\\2022\\community\\vc\\tools\\msvc\\14.42.34433\\include\\cmath",
            "c:\\program files\\microsoft visual studio\\2022\\community\\vc\\tools\\msvc\\14.42.34433\\include\\xloctime",
            "c:\\projects\\vulk\\vulktest\\deps\\include\\vulkan\\vulkan_handles.hpp",
            "c:\\projects\\vulk\\vulktest\\deps\\include\\vulkan\\vulkan_structs.hpp",
            "c:\\projects\\vulk\\vulktest\\deps\\include\\vulkan\\vulkan_funcs.hpp",
            "c:\\projects\\vulk\\vulktest\\deps\\include\\vulkan\\vulkan_extension_inspection.hpp",
            "c:\\program files\\microsoft visual studio\\2022\\community\\vc\\tools\\msvc\\14.42.34433\\include\\map",
            "c:\\program files\\microsoft visual studio\\2022\\community\\vc\\tools\\msvc\\14.42.34433\\include\\xtree",
            "c:\\program files\\microsoft visual studio\\2022\\community\\vc\\tools\\msvc\\14.42.34433\\include\\xnode_handle.h",
            "c:\\program files\\microsoft visual studio\\2022\\community\\vc\\tools\\msvc\\14.42.34433\\include\\set",
            "c:\\projects\\vulk\\vulktest\\deps\\include\\vulkan\\vulkan_format_traits.hpp",
            "c:\\projects\\vulk\\vulktest\\deps\\include\\vulkan\\vulkan_hash.hpp",
            "c:\\projects\\vulk\\vulktest\\deps\\include\\vulkan\\vulkan_raii.hpp",
            "c:\\projects\\vulk\\vulktest\\deps\\include\\vulkan\\vulkan_shared.hpp"
        ],
        "ImportedModules": [],
        "ImportedHeaderUnits": []
    }
}