{
    "version": 1,
    "revision": 0,
    "rules": [
        {
            "primary-output": "x64\\Debug\\vulkan.cppm.obj",
            "outputs": [
                "C:\\projects\\vulk\\vulktest\\x64\\Debug\\vc143.pdb",
                "x64\\Debug\\",
                "C:\\projects\\vulk\\vulktest\\x64\\Debug\\vulkan.cppm.ifc"
            ],
            "provides": [
                {
                    "logical-name": "vulkan_hpp",
                    "source-path": "c:\\projects\\vulk\\vulktest\\deps\\include\\vulkan\\vulkan.cppm",
                    "is-interface": true
                }
            ],
            "requires": []
        }
    ]
}